{"cameraMode":{"drawMode":0,"name":"Shaded","section":"Shading Mode"},"sceneLighting":true,"audioPlay":false,"sceneViewState":{"showFog":true,"showMaterialUpdate":false,"showSkybox":true,"showFlares":true,"showImageEffects":true,"showParticleSystems":true},"in2DMode":false,"pivot":{"x":13.206588745117188,"y":-12.643321990966797,"z":-11.63058853149414},"rotation":{"x":-0.27960553765296938,"y":-0.6098817586898804,"z":0.24346128106117249,"w":-0.7004314661026001},"size":90.04100036621094,"orthographic":false}